<?xml version="1.0" encoding="utf-8"?>
<!--/791800/1041896/2.49/5/4/Resistor/-->
<quadcept_library>
  <setting unit="mil" />
  <textstyle name="Default" height="47.244094488189" strokewidth="7.8740157480315" charwidth="47.244094488189" />
  <textstyle name="Dimension" height="19.6850393700787" strokewidth="0" charwidth="19.6850393700787" />
  <textstyle name="H127W0635TH00762" height="50" strokewidth="3" charwidth="25" />
  <textstyle name="H15W15TH02" height="59.0551181102362" strokewidth="7.8740157480315" charwidth="59.0551181102362" />
  <padstyle name="c180_h120" surface="False" plated="True" isvia="False" nopaste="True" nomask="True" complex="False" holesize="47.244094488188">
    <padshape layer="TOP" shape="round" width="70.866141732283" height="70.866141732283" />
    <padshape layer="TOP_SOLDER_MASK" shape="round" width="78.740157480314" height="78.740157480314" />
    <padshape layer="INNER" shape="round" width="70.866141732283" height="70.866141732283" />
    <padshape layer="BOTTOM" shape="round" width="70.866141732283" height="70.866141732283" />
    <padshape layer="BOTTOM_SOLDER_MASK" shape="round" width="78.740157480314" height="78.740157480314" />
  </padstyle>
  <padstyle name="c446_h297.32" surface="False" plated="True" isvia="False" nopaste="True" nomask="True" complex="False" holesize="117.05511811023">
    <padshape layer="TOP" shape="round" width="175.5905511811" height="175.5905511811" />
    <padshape layer="TOP_SOLDER_MASK" shape="round" width="183.46456692913" height="183.46456692913" />
    <padshape layer="INNER" shape="round" width="175.5905511811" height="175.5905511811" />
    <padshape layer="BOTTOM" shape="round" width="175.5905511811" height="175.5905511811" />
    <padshape layer="BOTTOM_SOLDER_MASK" shape="round" width="183.46456692913" height="183.46456692913" />
  </padstyle>
  <footprint name="PTV09A4020FB103" originx="0" originy="0" pickpointx="0" pickpointy="0">
    <pcbpin number="1" name="1" style="c180_h120" originx="-98.425196850392" originy="-220.47244094488" rotation="90" />
    <pcbpin number="2" name="2" style="c180_h120" originx="0" originy="-220.47244094488" rotation="90" />
    <pcbpin number="3" name="3" style="c180_h120" originx="98.425196850392" originy="-220.47244094488" rotation="90" />
    <pcbpin number="4" name="4" style="c446_h297.32" originx="-173.22834645669" originy="55.11811023622" rotation="90" />
    <pcbpin number="5" name="5" style="c446_h297.32" originx="173.22834645669" originy="55.11811023622" rotation="90" />
    <line layer="TOP_ASSEMBLY" originx="-190.94488188976" originy="271.65354330708" endx="190.94488188976" endy="271.65354330708" width="7.8740157480314" />
    <line layer="TOP_ASSEMBLY" originx="190.94488188976" originy="271.65354330708" endx="190.94488188976" endy="-220.47244094488" width="7.8740157480314" />
    <line layer="TOP_ASSEMBLY" originx="190.94488188976" originy="-220.47244094488" endx="-190.94488188976" endy="-220.47244094488" width="7.8740157480314" />
    <line layer="TOP_ASSEMBLY" originx="-190.94488188976" originy="-220.47244094488" endx="-190.94488188976" endy="271.65354330708" width="7.8740157480314" />
    <line layer="TOP_PLACE_BOUND" originx="-300.3937007874" originy="311.02362204724" endx="300.3937007874" endy="311.02362204724" width="3.9370078740157" />
    <line layer="TOP_PLACE_BOUND" originx="300.3937007874" originy="311.02362204724" endx="300.3937007874" endy="-311.02362204724" width="3.9370078740157" />
    <line layer="TOP_PLACE_BOUND" originx="300.3937007874" originy="-311.02362204724" endx="-300.3937007874" endy="-311.02362204724" width="3.9370078740157" />
    <line layer="TOP_PLACE_BOUND" originx="-300.3937007874" originy="-311.02362204724" endx="-300.3937007874" endy="311.02362204724" width="3.9370078740157" />
    <line layer="TOP_SILKSCREEN" originx="-190.94488188976" originy="153.54330708661" endx="-190.94488188976" endy="271.65354330708" width="3.9370078740157" />
    <line layer="TOP_SILKSCREEN" originx="-190.94488188976" originy="271.65354330708" endx="190.94488188976" endy="271.65354330708" width="3.9370078740157" />
    <line layer="TOP_SILKSCREEN" originx="190.94488188976" originy="271.65354330708" endx="190.94488188976" endy="153.54330708661" width="3.9370078740157" />
    <line layer="TOP_SILKSCREEN" originx="-190.94488188976" originy="-43.307086614173" endx="-190.94488188976" endy="-220.47244094488" width="3.9370078740157" />
    <line layer="TOP_SILKSCREEN" originx="-190.94488188976" originy="-220.47244094488" endx="-157.48031496063" endy="-220.47244094488" width="3.9370078740157" />
    <line layer="TOP_SILKSCREEN" originx="157.48031496063" originy="-220.47244094488" endx="190.94488188976" endy="-220.47244094488" width="3.9370078740157" />
    <line layer="TOP_SILKSCREEN" originx="190.94488188976" originy="-220.47244094488" endx="190.94488188976" endy="-43.307086614173" width="3.9370078740157" />
    <line layer="TOP_SILKSCREEN" originx="-102.36220472441" originy="-267.71653543307" endx="-102.36220472441" endy="-267.71653543307" width="7.8740157480314" />
    <arc layer="TOP_SILKSCREEN" originx="-98.425196850392" originy="-267.71653543307" startangle="180.0" sweepangle="-180.0" radius="3.9370078740157" width="7.8740157480314" />
    <line layer="TOP_SILKSCREEN" originx="-94.488188976377" originy="-267.71653543307" endx="-94.488188976377" endy="-267.71653543307" width="7.8740157480314" />
    <arc layer="TOP_SILKSCREEN" originx="-98.425196850392" originy="-267.71653543307" startangle=".0" sweepangle="-180.0" radius="3.9370078740157" width="7.8740157480314" />
  </footprint>
  <symbol name="PTV09A-4020F-B103" originx="0" originy="0">
    <line originx="200" originy="100" endx="700" endy="100" width="0" />
    <line originx="700" originy="-300" endx="700" endy="100" width="0" />
    <line originx="700" originy="-300" endx="200" endy="-300" width="0" />
    <line originx="200" originy="100" endx="200" endy="-300" width="0" />
    <sympin number="1" originx="200" originy="0" rotation="180" length="100" width="7.8740157480315" flipped="False">
      <text name="pinname" originx="230" originy="0" style="Default" rotation="0" justify="left" flipped="False" hidden="False" data="1" />
      <text name="pindes" originx="140" originy="20" style="Default" rotation="0" justify="lowerright" flipped="False" hidden="False" data="1" />
    </sympin>
    <sympin number="2" originx="200" originy="-100" rotation="180" length="100" width="7.8740157480315" flipped="False">
      <text name="pinname" originx="230" originy="-100" style="Default" rotation="0" justify="left" flipped="False" hidden="False" data="2" />
      <text name="pindes" originx="140" originy="-80" style="Default" rotation="0" justify="lowerright" flipped="False" hidden="False" data="2" />
    </sympin>
    <sympin number="3" originx="200" originy="-200" rotation="180" length="100" width="7.8740157480315" flipped="False">
      <text name="pinname" originx="230" originy="-200" style="Default" rotation="0" justify="left" flipped="False" hidden="False" data="3" />
      <text name="pindes" originx="140" originy="-180" style="Default" rotation="0" justify="lowerright" flipped="False" hidden="False" data="3" />
    </sympin>
    <sympin number="4" originx="700" originy="0" rotation="0" length="100" width="7.8740157480315" flipped="False">
      <text name="pinname" originx="670" originy="0" style="Default" rotation="0" justify="right" flipped="False" hidden="False" data="MH1" />
      <text name="pindes" originx="760" originy="20" style="Default" rotation="0" justify="lowerleft" flipped="False" hidden="False" data="4" />
    </sympin>
    <sympin number="5" originx="700" originy="-100" rotation="0" length="100" width="7.8740157480315" flipped="False">
      <text name="pinname" originx="670" originy="-100" style="Default" rotation="0" justify="right" flipped="False" hidden="False" data="MH2" />
      <text name="pindes" originx="760" originy="-80" style="Default" rotation="0" justify="lowerleft" flipped="False" hidden="False" data="5" />
    </sympin>
  </symbol>
  <component name="PTV09A-4020F-B103" designatorprefix="R" height="787.40157480314" footprint="PTV09A4020FB103">
    <comppin designator="1" sympin="1" pinswap="0" gateswap="0" gate="1" group="1" side="" type="Any" name="1" />
    <comppin designator="2" sympin="2" pinswap="0" gateswap="0" gate="1" group="1" side="" type="Any" name="2" />
    <comppin designator="3" sympin="3" pinswap="0" gateswap="0" gate="1" group="1" side="" type="Any" name="3" />
    <comppin designator="4" sympin="4" pinswap="0" gateswap="0" gate="1" group="1" side="" type="Any" name="MH1" />
    <comppin designator="5" sympin="5" pinswap="0" gateswap="0" gate="1" group="1" side="" type="Any" name="MH2" />
    <attached_symbol gate="1" name="PTV09A-4020F-B103" />
    <pinmap designator="1" footprintpin="1" />
    <pinmap designator="2" footprintpin="2" />
    <pinmap designator="3" footprintpin="3" />
    <pinmap designator="4" footprintpin="4" />
    <pinmap designator="5" footprintpin="5" />
    <text name="Datasheet" originx="0" originy="0" style="Default" rotation="0" justify="" flipped="False" hidden="True" data="https://www.bourns.com/docs/Product-Datasheets/ptv09.pdf" />
    <text name="Description" originx="0" originy="0" style="Default" rotation="0" justify="" flipped="False" hidden="True" data="9mm carbon potentiometer linear 10K 20% Bourns PTV Series, Linear Potentiometer with a 6 mm Dia. Shaft, 10k, +/-20%, 0.05W, Through Hole" />
    <text name="Manufacturer_Name" originx="0" originy="0" style="Default" rotation="0" justify="" flipped="False" hidden="True" data="Bourns" />
    <text name="Manufacturer_Part_Number" originx="750" originy="200" style="Default" rotation="0" justify="left" flipped="False" hidden="False" data="PTV09A-4020F-B103" />
    <text name="Mouser Part Number" originx="0" originy="0" style="Default" rotation="0" justify="" flipped="False" hidden="True" data="652-PTV09A-4020FB103" />
    <text name="Mouser Price/Stock" originx="0" originy="0" style="Default" rotation="0" justify="" flipped="False" hidden="True" data="https://www.mouser.co.uk/ProductDetail/Bourns/PTV09A-4020F-B103?qs=Qzws7J6gxqx9VaKCiVoniw%3D%3D" />
    <text name="Arrow Part Number" originx="0" originy="0" style="Default" rotation="0" justify="" flipped="False" hidden="True" data="PTV09A-4020F-B103" />
    <text name="Arrow Price/Stock" originx="0" originy="0" style="Default" rotation="0" justify="" flipped="False" hidden="True" data="https://www.arrow.com/en/products/ptv09a-4020f-b103/bourns?region=nac" />
    <text name="Mouser Testing Part Number" originx="0" originy="0" style="Default" rotation="0" justify="" flipped="False" hidden="True" data="" />
    <text name="Mouser Testing Price/Stock" originx="0" originy="0" style="Default" rotation="0" justify="" flipped="False" hidden="True" data="" />
  </component>
</quadcept_library>
