<?xml version="1.0" encoding="utf-8"?>
<!--/819070/1041896/2.49/5/4/Undefined or Miscellaneous/-->
<quadcept_library>
  <setting unit="mil" />
  <textstyle name="Default" height="47.244094488189" strokewidth="7.8740157480315" charwidth="47.244094488189" />
  <textstyle name="Dimension" height="19.6850393700787" strokewidth="0" charwidth="19.6850393700787" />
  <textstyle name="H127W0635TH00762" height="50" strokewidth="3" charwidth="25" />
  <textstyle name="H15W15TH02" height="59.0551181102362" strokewidth="7.8740157480315" charwidth="59.0551181102362" />
  <padstyle name="c180_h120" surface="False" plated="True" isvia="False" nopaste="True" nomask="True" complex="False" holesize="47.244094488188">
    <padshape layer="TOP" shape="round" width="70.866141732283" height="70.866141732283" />
    <padshape layer="TOP_SOLDER_MASK" shape="round" width="78.740157480314" height="78.740157480314" />
    <padshape layer="INNER" shape="round" width="70.866141732283" height="70.866141732283" />
    <padshape layer="BOTTOM" shape="round" width="70.866141732283" height="70.866141732283" />
    <padshape layer="BOTTOM_SOLDER_MASK" shape="round" width="78.740157480314" height="78.740157480314" />
  </padstyle>
  <padstyle name="c480_h328" surface="False" plated="True" isvia="False" nopaste="True" nomask="True" complex="False" holesize="129.13385826771">
    <padshape layer="TOP" shape="round" width="188.97637795275" height="188.97637795275" />
    <padshape layer="TOP_SOLDER_MASK" shape="round" width="196.85039370078" height="196.85039370078" />
    <padshape layer="INNER" shape="round" width="188.97637795275" height="188.97637795275" />
    <padshape layer="BOTTOM" shape="round" width="188.97637795275" height="188.97637795275" />
    <padshape layer="BOTTOM_SOLDER_MASK" shape="round" width="196.85039370078" height="196.85039370078" />
  </padstyle>
  <footprint name="PEC12R-4XXXF-SXXXX_1" originx="0" originy="0" pickpointx="0" pickpointy="0">
    <pcbpin number="1" name="1" style="c180_h120" originx="-98.425196850392" originy="-295.27559055118" rotation="90" />
    <pcbpin number="2" name="2" style="c180_h120" originx="98.425196850392" originy="-295.27559055118" rotation="90" />
    <pcbpin number="3" name="3" style="c180_h120" originx="0" originy="-295.27559055118" rotation="90" />
    <pcbpin number="4" name="4" style="c180_h120" originx="-98.425196850392" originy="275.5905511811" rotation="90" />
    <pcbpin number="5" name="5" style="c180_h120" originx="98.425196850392" originy="275.5905511811" rotation="90" />
    <pcbpin number="6" name="6" style="c480_h328" originx="220.47244094488" originy="0" rotation="90" />
    <pcbpin number="7" name="7" style="c480_h328" originx="-220.47244094488" originy="0" rotation="90" />
    <line layer="TOP_ASSEMBLY" originx="-244.09448818897" originy="263.77952755905" endx="244.09448818897" endy="263.77952755905" width="9.9999999999999" />
    <line layer="TOP_ASSEMBLY" originx="244.09448818897" originy="263.77952755905" endx="244.09448818897" endy="-263.77952755905" width="9.9999999999999" />
    <line layer="TOP_ASSEMBLY" originx="244.09448818897" originy="-263.77952755905" endx="-244.09448818897" endy="-263.77952755905" width="9.9999999999999" />
    <line layer="TOP_ASSEMBLY" originx="-244.09448818897" originy="-263.77952755905" endx="-244.09448818897" endy="263.77952755905" width="9.9999999999999" />
    <line layer="TOP_SILKSCREEN" originx="-244.09448818897" originy="263.77952755905" endx="-244.09448818897" endy="102.36220472441" width="9.9999999999999" />
    <line layer="TOP_SILKSCREEN" originx="-244.09448818897" originy="-263.77952755905" endx="-244.09448818897" endy="-102.36220472441" width="9.9999999999999" />
    <line layer="TOP_SILKSCREEN" originx="244.09448818897" originy="263.77952755905" endx="244.09448818897" endy="102.36220472441" width="9.9999999999999" />
    <line layer="TOP_SILKSCREEN" originx="244.09448818897" originy="-263.77952755905" endx="244.09448818897" endy="-102.36220472441" width="9.9999999999999" />
    <arc layer="TOP_SILKSCREEN" originx="-99.724409448818" originy="-348.93700787401" startangle="180" sweepangle="180" radius="3.2322834645669" width="9.9999999999999" />
    <arc layer="TOP_SILKSCREEN" originx="-99.724409448818" originy="-348.93700787401" startangle="180" sweepangle="-180" radius="3.2322834645669" width="9.9999999999999" />
  </footprint>
  <symbol name="PEC11R-4015F-S0024" originx="0" originy="0">
    <line originx="200" originy="100" endx="600" endy="100" width="0" />
    <line originx="600" originy="-300" endx="600" endy="100" width="0" />
    <line originx="600" originy="-300" endx="200" endy="-300" width="0" />
    <line originx="200" originy="100" endx="200" endy="-300" width="0" />
    <sympin number="1" originx="200" originy="0" rotation="180" length="100" width="7.8740157480315" flipped="False">
      <text name="pinname" originx="230" originy="0" style="Default" rotation="0" justify="left" flipped="False" hidden="False" data="A" />
      <text name="pindes" originx="140" originy="20" style="Default" rotation="0" justify="lowerright" flipped="False" hidden="False" data="1" />
    </sympin>
    <sympin number="2" originx="200" originy="-100" rotation="180" length="100" width="7.8740157480315" flipped="False">
      <text name="pinname" originx="230" originy="-100" style="Default" rotation="0" justify="left" flipped="False" hidden="False" data="B" />
      <text name="pindes" originx="140" originy="-80" style="Default" rotation="0" justify="lowerright" flipped="False" hidden="False" data="2" />
    </sympin>
    <sympin number="3" originx="200" originy="-200" rotation="180" length="100" width="7.8740157480315" flipped="False">
      <text name="pinname" originx="230" originy="-200" style="Default" rotation="0" justify="left" flipped="False" hidden="False" data="C" />
      <text name="pindes" originx="140" originy="-180" style="Default" rotation="0" justify="lowerright" flipped="False" hidden="False" data="3" />
    </sympin>
    <sympin number="4" originx="600" originy="0" rotation="0" length="100" width="7.8740157480315" flipped="False">
      <text name="pinname" originx="570" originy="0" style="Default" rotation="0" justify="right" flipped="False" hidden="False" data="1" />
      <text name="pindes" originx="660" originy="20" style="Default" rotation="0" justify="lowerleft" flipped="False" hidden="False" data="4" />
    </sympin>
    <sympin number="5" originx="600" originy="-100" rotation="0" length="100" width="7.8740157480315" flipped="False">
      <text name="pinname" originx="570" originy="-100" style="Default" rotation="0" justify="right" flipped="False" hidden="False" data="2" />
      <text name="pindes" originx="660" originy="-80" style="Default" rotation="0" justify="lowerleft" flipped="False" hidden="False" data="5" />
    </sympin>
  </symbol>
  <component name="PEC11R-4015F-S0024" designatorprefix="U" height="0" footprint="PEC12R-4XXXF-SXXXX_1">
    <comppin designator="1" sympin="1" pinswap="0" gateswap="0" gate="1" group="1" side="" type="Any" name="A" />
    <comppin designator="2" sympin="2" pinswap="0" gateswap="0" gate="1" group="1" side="" type="Any" name="B" />
    <comppin designator="3" sympin="3" pinswap="0" gateswap="0" gate="1" group="1" side="" type="Any" name="C" />
    <comppin designator="4" sympin="4" pinswap="0" gateswap="0" gate="1" group="1" side="" type="Any" name="1" />
    <comppin designator="5" sympin="5" pinswap="0" gateswap="0" gate="1" group="1" side="" type="Any" name="2" />
    <attached_symbol gate="1" name="PEC11R-4015F-S0024" />
    <pinmap designator="1" footprintpin="1" />
    <pinmap designator="2" footprintpin="2" />
    <pinmap designator="3" footprintpin="3" />
    <pinmap designator="4" footprintpin="4" />
    <pinmap designator="5" footprintpin="5" />
    <text name="Datasheet" originx="0" originy="0" style="Default" rotation="0" justify="" flipped="False" hidden="True" data="https://www.bourns.com/docs/Product-Datasheets/pec11R.pdf" />
    <text name="Description" originx="0" originy="0" style="Default" rotation="0" justify="" flipped="False" hidden="True" data="Bourns 24 Pulse Incremental Mechanical Rotary Encoder with a 6 mm Flat Shaft (Not Indexed), Through Hole" />
    <text name="Manufacturer_Name" originx="0" originy="0" style="Default" rotation="0" justify="" flipped="False" hidden="True" data="Bourns" />
    <text name="Manufacturer_Part_Number" originx="650" originy="200" style="Default" rotation="0" justify="left" flipped="False" hidden="False" data="PEC11R-4015F-S0024" />
    <text name="Mouser Part Number" originx="0" originy="0" style="Default" rotation="0" justify="" flipped="False" hidden="True" data="652-PEC11R-4015F-S24" />
    <text name="Mouser Price/Stock" originx="0" originy="0" style="Default" rotation="0" justify="" flipped="False" hidden="True" data="https://www.mouser.co.uk/ProductDetail/Bourns/PEC11R-4015F-S0024?qs=Zq5ylnUbLm4l0nvCUCX4Xw%3D%3D" />
    <text name="Arrow Part Number" originx="0" originy="0" style="Default" rotation="0" justify="" flipped="False" hidden="True" data="PEC11R-4015F-S0024" />
    <text name="Arrow Price/Stock" originx="0" originy="0" style="Default" rotation="0" justify="" flipped="False" hidden="True" data="https://www.arrow.com/en/products/pec11r-4015f-s0024/bourns?region=nac" />
    <text name="Mouser Testing Part Number" originx="0" originy="0" style="Default" rotation="0" justify="" flipped="False" hidden="True" data="" />
    <text name="Mouser Testing Price/Stock" originx="0" originy="0" style="Default" rotation="0" justify="" flipped="False" hidden="True" data="" />
  </component>
</quadcept_library>
